anio,mes,codigoNivel,descripcionNivel,codigoEntidad,descripcionEntidad,codigoFuenteFinanciamiento,fuenteFinanciamiento,codigoOrganismo,descripcionOrganismo,transferenciaConcepto,codigoNivelFinanciero,nombreNivelFinanciero,bancoDeposito,banco,cuentaDeposito,fechaDeposito,montoTransferido,mesCorte,anhoCorte,fechaCorte
2018,12,30,30-MUNICIPALIDADES,151,151-MUNICIPALIDAD DE CIUDAD DEL ESTE,30,30-RECURSOS INSTITUCIONALES,3,3-FONACIDE,PAGO DE OTROS GASTOS POR CUENTA ADMINISTRATIVA,35,35-TRANSF.CONSOLID. DE CAPITAL AL SECTOR PÚBLICO,5,5-BANCO CONTINENTAL,0000642330156001,2018-12-17,713916139,2,2019,2019-02-11
2018,12,30,30-MUNICIPALIDADES,151,151-MUNICIPALIDAD DE CIUDAD DEL ESTE,30,30-RECURSOS INSTITUCIONALES,3,3-FONACIDE,PAGO DE OTROS GASTOS POR CUENTA ADMINISTRATIVA,34,34-TRANSF.CONSOLID.CORR. AL SECTOR PÚBLICO,119,119-INTERFISA BANCO S.A.E.C.A.,0000000050005268,2018-12-17,305964059,2,2019,2019-02-11
2018,11,30,30-MUNICIPALIDADES,151,151-MUNICIPALIDAD DE CIUDAD DEL ESTE,30,30-RECURSOS INSTITUCIONALES,3,3-FONACIDE,PAGO DE OTROS GASTOS POR CUENTA ADMINISTRATIVA,34,34-TRANSF.CONSOLID.CORR. AL SECTOR PÚBLICO,119,119-INTERFISA BANCO S.A.E.C.A.,0000000050005268,2018-11-15,341369356,12,2018,2018-12-05
2018,11,30,30-MUNICIPALIDADES,151,151-MUNICIPALIDAD DE CIUDAD DEL ESTE,30,30-RECURSOS INSTITUCIONALES,3,3-FONACIDE,PAGO DE OTROS GASTOS POR CUENTA ADMINISTRATIVA,70,70-OTROS,5,5-BANCO CONTINENTAL,0000642330156001,2018-11-28,785796155,12,2018,2018-12-05
2018,11,30,30-MUNICIPALIDADES,151,151-MUNICIPALIDAD DE CIUDAD DEL ESTE,30,30-RECURSOS INSTITUCIONALES,3,3-FONACIDE,PAGO DE OTROS GASTOS POR CUENTA ADMINISTRATIVA,70,70-OTROS,5,5-BANCO CONTINENTAL,0000642330156001,2018-11-28,802234354,12,2018,2018-12-05
2018,11,30,30-MUNICIPALIDADES,151,151-MUNICIPALIDAD DE CIUDAD DEL ESTE,30,30-RECURSOS INSTITUCIONALES,3,3-FONACIDE,PAGO DE OTROS GASTOS POR CUENTA ADMINISTRATIVA,35,35-TRANSF.CONSOLID. DE CAPITAL AL SECTOR PÚBLICO,5,5-BANCO CONTINENTAL,0000642330156001,2018-11-15,796528496,12,2018,2018-12-05
2018,10,30,30-MUNICIPALIDADES,151,151-MUNICIPALIDAD DE CIUDAD DEL ESTE,30,30-RECURSOS INSTITUCIONALES,3,3-FONACIDE,PAGO DE OTROS GASTOS POR CUENTA ADMINISTRATIVA,35,35-TRANSF.CONSOLID. DE CAPITAL AL SECTOR PÚBLICO,5,5-BANCO CONTINENTAL,0000642330156001,2018-10-18,714240240,11,2018,2018-11-07
2018,10,30,30-MUNICIPALIDADES,151,151-MUNICIPALIDAD DE CIUDAD DEL ESTE,30,30-RECURSOS INSTITUCIONALES,3,3-FONACIDE,PAGO DE OTROS GASTOS POR CUENTA ADMINISTRATIVA,35,35-TRANSF.CONSOLID. DE CAPITAL AL SECTOR PÚBLICO,5,5-BANCO CONTINENTAL,0000642330156001,2018-10-18,724579597,11,2018,2018-11-07
2018,10,30,30-MUNICIPALIDADES,151,151-MUNICIPALIDAD DE CIUDAD DEL ESTE,30,30-RECURSOS INSTITUCIONALES,3,3-FONACIDE,PAGO DE OTROS GASTOS POR CUENTA ADMINISTRATIVA,35,35-TRANSF.CONSOLID. DE CAPITAL AL SECTOR PÚBLICO,5,5-BANCO CONTINENTAL,0000642330156001,2018-10-18,745020350,11,2018,2018-11-07
2018,10,30,30-MUNICIPALIDADES,151,151-MUNICIPALIDAD DE CIUDAD DEL ESTE,30,30-RECURSOS INSTITUCIONALES,3,3-FONACIDE,PAGO DE OTROS GASTOS POR CUENTA ADMINISTRATIVA,35,35-TRANSF.CONSOLID. DE CAPITAL AL SECTOR PÚBLICO,5,5-BANCO CONTINENTAL,0000642330156001,2018-10-18,801354711,11,2018,2018-11-07
2018,10,30,30-MUNICIPALIDADES,151,151-MUNICIPALIDAD DE CIUDAD DEL ESTE,30,30-RECURSOS INSTITUCIONALES,3,3-FONACIDE,PAGO DE OTROS GASTOS POR CUENTA ADMINISTRATIVA,35,35-TRANSF.CONSOLID. DE CAPITAL AL SECTOR PÚBLICO,5,5-BANCO CONTINENTAL,0000642330156001,2018-10-18,884027151,11,2018,2018-11-07
2018,10,30,30-MUNICIPALIDADES,151,151-MUNICIPALIDAD DE CIUDAD DEL ESTE,30,30-RECURSOS INSTITUCIONALES,3,3-FONACIDE,PAGO DE OTROS GASTOS POR CUENTA ADMINISTRATIVA,35,35-TRANSF.CONSOLID. DE CAPITAL AL SECTOR PÚBLICO,5,5-BANCO CONTINENTAL,0000642330156001,2018-10-18,785136475,11,2018,2018-11-07
2018,10,30,30-MUNICIPALIDADES,151,151-MUNICIPALIDAD DE CIUDAD DEL ESTE,30,30-RECURSOS INSTITUCIONALES,3,3-FONACIDE,PAGO DE OTROS GASTOS POR CUENTA ADMINISTRATIVA,35,35-TRANSF.CONSOLID. DE CAPITAL AL SECTOR PÚBLICO,5,5-BANCO CONTINENTAL,0000642330156001,2018-10-18,841063163,11,2018,2018-11-07
2018,10,30,30-MUNICIPALIDADES,151,151-MUNICIPALIDAD DE CIUDAD DEL ESTE,30,30-RECURSOS INSTITUCIONALES,3,3-FONACIDE,PAGO DE OTROS GASTOS POR CUENTA ADMINISTRATIVA,35,35-TRANSF.CONSOLID. DE CAPITAL AL SECTOR PÚBLICO,5,5-BANCO CONTINENTAL,0000642330156001,2018-10-18,849080666,11,2018,2018-11-07
2018,10,30,30-MUNICIPALIDADES,151,151-MUNICIPALIDAD DE CIUDAD DEL ESTE,30,30-RECURSOS INSTITUCIONALES,3,3-FONACIDE,PAGO DE OTROS GASTOS POR CUENTA ADMINISTRATIVA,35,35-TRANSF.CONSOLID. DE CAPITAL AL SECTOR PÚBLICO,5,5-BANCO CONTINENTAL,0000642330156001,2018-10-18,870806061,11,2018,2018-11-07
2018,10,30,30-MUNICIPALIDADES,151,151-MUNICIPALIDAD DE CIUDAD DEL ESTE,30,30-RECURSOS INSTITUCIONALES,3,3-FONACIDE,PAGO DE OTROS GASTOS POR CUENTA ADMINISTRATIVA,35,35-TRANSF.CONSOLID. DE CAPITAL AL SECTOR PÚBLICO,5,5-BANCO CONTINENTAL,0000642330156001,2018-10-18,829873051,11,2018,2018-11-07
2018,10,30,30-MUNICIPALIDADES,151,151-MUNICIPALIDAD DE CIUDAD DEL ESTE,30,30-RECURSOS INSTITUCIONALES,3,3-FONACIDE,PAGO DE OTROS GASTOS POR CUENTA ADMINISTRATIVA,35,35-TRANSF.CONSOLID. DE CAPITAL AL SECTOR PÚBLICO,5,5-BANCO CONTINENTAL,0000642330156001,2018-10-18,772959506,11,2018,2018-11-07
2018,10,30,30-MUNICIPALIDADES,151,151-MUNICIPALIDAD DE CIUDAD DEL ESTE,30,30-RECURSOS INSTITUCIONALES,3,3-FONACIDE,PAGO DE OTROS GASTOS POR CUENTA ADMINISTRATIVA,34,34-TRANSF.CONSOLID.CORR. AL SECTOR PÚBLICO,119,119-INTERFISA BANCO S.A.E.C.A.,0000000050005268,2018-10-18,306102960,11,2018,2018-11-07
2018,10,30,30-MUNICIPALIDADES,151,151-MUNICIPALIDAD DE CIUDAD DEL ESTE,30,30-RECURSOS INSTITUCIONALES,3,3-FONACIDE,PAGO DE OTROS GASTOS POR CUENTA ADMINISTRATIVA,34,34-TRANSF.CONSOLID.CORR. AL SECTOR PÚBLICO,119,119-INTERFISA BANCO S.A.E.C.A.,0000000050005268,2018-10-18,310534113,11,2018,2018-11-07
2018,10,30,30-MUNICIPALIDADES,151,151-MUNICIPALIDAD DE CIUDAD DEL ESTE,30,30-RECURSOS INSTITUCIONALES,3,3-FONACIDE,PAGO DE OTROS GASTOS POR CUENTA ADMINISTRATIVA,34,34-TRANSF.CONSOLID.CORR. AL SECTOR PÚBLICO,119,119-INTERFISA BANCO S.A.E.C.A.,0000000050005268,2018-10-18,319294435,11,2018,2018-11-07
2018,10,30,30-MUNICIPALIDADES,151,151-MUNICIPALIDAD DE CIUDAD DEL ESTE,30,30-RECURSOS INSTITUCIONALES,3,3-FONACIDE,PAGO DE OTROS GASTOS POR CUENTA ADMINISTRATIVA,34,34-TRANSF.CONSOLID.CORR. AL SECTOR PÚBLICO,119,119-INTERFISA BANCO S.A.E.C.A.,0000000050005268,2018-10-18,343437733,11,2018,2018-11-07
2018,10,30,30-MUNICIPALIDADES,151,151-MUNICIPALIDAD DE CIUDAD DEL ESTE,30,30-RECURSOS INSTITUCIONALES,3,3-FONACIDE,PAGO DE OTROS GASTOS POR CUENTA ADMINISTRATIVA,34,34-TRANSF.CONSOLID.CORR. AL SECTOR PÚBLICO,119,119-INTERFISA BANCO S.A.E.C.A.,0000000050005268,2018-10-18,378868779,11,2018,2018-11-07
2018,10,30,30-MUNICIPALIDADES,151,151-MUNICIPALIDAD DE CIUDAD DEL ESTE,30,30-RECURSOS INSTITUCIONALES,3,3-FONACIDE,PAGO DE OTROS GASTOS POR CUENTA ADMINISTRATIVA,34,34-TRANSF.CONSOLID.CORR. AL SECTOR PÚBLICO,119,119-INTERFISA BANCO S.A.E.C.A.,0000000050005268,2018-10-18,336487061,11,2018,2018-11-07
2018,10,30,30-MUNICIPALIDADES,151,151-MUNICIPALIDAD DE CIUDAD DEL ESTE,30,30-RECURSOS INSTITUCIONALES,3,3-FONACIDE,PAGO DE OTROS GASTOS POR CUENTA ADMINISTRATIVA,34,34-TRANSF.CONSOLID.CORR. AL SECTOR PÚBLICO,119,119-INTERFISA BANCO S.A.E.C.A.,0000000050005268,2018-10-18,360455641,11,2018,2018-11-07
2018,10,30,30-MUNICIPALIDADES,151,151-MUNICIPALIDAD DE CIUDAD DEL ESTE,30,30-RECURSOS INSTITUCIONALES,3,3-FONACIDE,PAGO DE OTROS GASTOS POR CUENTA ADMINISTRATIVA,34,34-TRANSF.CONSOLID.CORR. AL SECTOR PÚBLICO,119,119-INTERFISA BANCO S.A.E.C.A.,0000000050005268,2018-10-18,363891714,11,2018,2018-11-07
2018,10,30,30-MUNICIPALIDADES,151,151-MUNICIPALIDAD DE CIUDAD DEL ESTE,30,30-RECURSOS INSTITUCIONALES,3,3-FONACIDE,PAGO DE OTROS GASTOS POR CUENTA ADMINISTRATIVA,34,34-TRANSF.CONSOLID.CORR. AL SECTOR PÚBLICO,119,119-INTERFISA BANCO S.A.E.C.A.,0000000050005268,2018-10-18,373202597,11,2018,2018-11-07
2018,10,30,30-MUNICIPALIDADES,151,151-MUNICIPALIDAD DE CIUDAD DEL ESTE,30,30-RECURSOS INSTITUCIONALES,3,3-FONACIDE,PAGO DE OTROS GASTOS POR CUENTA ADMINISTRATIVA,34,34-TRANSF.CONSOLID.CORR. AL SECTOR PÚBLICO,119,119-INTERFISA BANCO S.A.E.C.A.,0000000050005268,2018-10-18,355659879,11,2018,2018-11-07
2018,10,30,30-MUNICIPALIDADES,151,151-MUNICIPALIDAD DE CIUDAD DEL ESTE,30,30-RECURSOS INSTITUCIONALES,3,3-FONACIDE,PAGO DE OTROS GASTOS POR CUENTA ADMINISTRATIVA,34,34-TRANSF.CONSOLID.CORR. AL SECTOR PÚBLICO,119,119-INTERFISA BANCO S.A.E.C.A.,0000000050005268,2018-10-18,331268360,11,2018,2018-11-07
2018,10,30,30-MUNICIPALIDADES,151,151-MUNICIPALIDAD DE CIUDAD DEL ESTE,30,30-RECURSOS INSTITUCIONALES,3,3-FONACIDE,PAGO DE OTROS GASTOS POR CUENTA ADMINISTRATIVA,34,34-TRANSF.CONSOLID.CORR. AL SECTOR PÚBLICO,119,119-INTERFISA BANCO S.A.E.C.A.,0000000050005268,2018-10-18,336769780,11,2018,2018-11-07
2018,10,30,30-MUNICIPALIDADES,151,151-MUNICIPALIDAD DE CIUDAD DEL ESTE,30,30-RECURSOS INSTITUCIONALES,3,3-FONACIDE,PAGO DE OTROS GASTOS POR CUENTA ADMINISTRATIVA,34,34-TRANSF.CONSOLID.CORR. AL SECTOR PÚBLICO,119,119-INTERFISA BANCO S.A.E.C.A.,0000000050005268,2018-10-18,343814723,11,2018,2018-11-07
2017,9,30,30-MUNICIPALIDADES,151,151-MUNICIPALIDAD DE CIUDAD DEL ESTE,30,30-RECURSOS INSTITUCIONALES,3,3-FONACIDE,PAGO DE OTROS GASTOS POR CUENTA ADMINISTRATIVA,35,35-TRANSF.CONSOLID. DE CAPITAL AL SECTOR PÚBLICO,5,5-BANCO CONTINENTAL,0000642330156001,2017-09-19,816776374,11,2018,2018-11-07
2017,9,30,30-MUNICIPALIDADES,151,151-MUNICIPALIDAD DE CIUDAD DEL ESTE,30,30-RECURSOS INSTITUCIONALES,3,3-FONACIDE,PAGO DE OTROS GASTOS POR CUENTA ADMINISTRATIVA,34,34-TRANSF.CONSOLID.CORR. AL SECTOR PÚBLICO,5,5-BANCO CONTINENTAL,0000642330156001,2017-09-19,350047017,11,2018,2018-11-07
2017,8,30,30-MUNICIPALIDADES,151,151-MUNICIPALIDAD DE CIUDAD DEL ESTE,30,30-RECURSOS INSTITUCIONALES,3,3-FONACIDE,PAGO DE OTROS GASTOS POR CUENTA ADMINISTRATIVA,35,35-TRANSF.CONSOLID. DE CAPITAL AL SECTOR PÚBLICO,5,5-BANCO CONTINENTAL,0000642330156001,2017-08-24,826704969,11,2018,2018-11-07
2017,8,30,30-MUNICIPALIDADES,151,151-MUNICIPALIDAD DE CIUDAD DEL ESTE,30,30-RECURSOS INSTITUCIONALES,3,3-FONACIDE,PAGO DE OTROS GASTOS POR CUENTA ADMINISTRATIVA,34,34-TRANSF.CONSOLID.CORR. AL SECTOR PÚBLICO,5,5-BANCO CONTINENTAL,0000642330156001,2017-08-24,354302129,11,2018,2018-11-07
2017,7,30,30-MUNICIPALIDADES,151,151-MUNICIPALIDAD DE CIUDAD DEL ESTE,30,30-RECURSOS INSTITUCIONALES,3,3-FONACIDE,PAGO DE OTROS GASTOS POR CUENTA ADMINISTRATIVA,35,35-TRANSF.CONSOLID. DE CAPITAL AL SECTOR PÚBLICO,5,5-BANCO CONTINENTAL,0000642330156001,2017-07-24,777610003,11,2018,2018-11-07
2017,7,30,30-MUNICIPALIDADES,151,151-MUNICIPALIDAD DE CIUDAD DEL ESTE,30,30-RECURSOS INSTITUCIONALES,3,3-FONACIDE,PAGO DE OTROS GASTOS POR CUENTA ADMINISTRATIVA,34,34-TRANSF.CONSOLID.CORR. AL SECTOR PÚBLICO,5,5-BANCO CONTINENTAL,0000642330156001,2017-07-24,333261430,11,2018,2018-11-07
2017,7,30,30-MUNICIPALIDADES,151,151-MUNICIPALIDAD DE CIUDAD DEL ESTE,30,30-RECURSOS INSTITUCIONALES,3,3-FONACIDE,PAGO DE OTROS GASTOS POR CUENTA ADMINISTRATIVA,70,70-OTROS,5,5-BANCO CONTINENTAL,0000642330156001,2017-07-14,855462950,11,2018,2018-11-07
2017,7,30,30-MUNICIPALIDADES,151,151-MUNICIPALIDAD DE CIUDAD DEL ESTE,30,30-RECURSOS INSTITUCIONALES,3,3-FONACIDE,PAGO DE OTROS GASTOS POR CUENTA ADMINISTRATIVA,70,70-OTROS,5,5-BANCO CONTINENTAL,0000642330156001,2017-07-14,1445766809,11,2018,2018-11-07
2017,7,30,30-MUNICIPALIDADES,151,151-MUNICIPALIDAD DE CIUDAD DEL ESTE,30,30-RECURSOS INSTITUCIONALES,3,3-FONACIDE,PAGO DE OTROS GASTOS POR CUENTA ADMINISTRATIVA,70,70-OTROS,5,5-BANCO CONTINENTAL,0000642330156001,2017-07-14,619614347,11,2018,2018-11-07
2017,7,30,30-MUNICIPALIDADES,151,151-MUNICIPALIDAD DE CIUDAD DEL ESTE,30,30-RECURSOS INSTITUCIONALES,3,3-FONACIDE,PAGO DE OTROS GASTOS POR CUENTA ADMINISTRATIVA,70,70-OTROS,5,5-BANCO CONTINENTAL,0000642330156001,2017-07-14,3344732630,11,2018,2018-11-07
2017,7,30,30-MUNICIPALIDADES,151,151-MUNICIPALIDAD DE CIUDAD DEL ESTE,30,30-RECURSOS INSTITUCIONALES,3,3-FONACIDE,PAGO DE OTROS GASTOS POR CUENTA ADMINISTRATIVA,70,70-OTROS,5,5-BANCO CONTINENTAL,0000642330156001,2017-07-14,1433456842,11,2018,2018-11-07
2017,7,30,30-MUNICIPALIDADES,151,151-MUNICIPALIDAD DE CIUDAD DEL ESTE,30,30-RECURSOS INSTITUCIONALES,3,3-FONACIDE,PAGO DE OTROS GASTOS POR CUENTA ADMINISTRATIVA,35,35-TRANSF.CONSOLID. DE CAPITAL AL SECTOR PÚBLICO,5,5-BANCO CONTINENTAL,0000642330156001,2017-07-14,852580347,11,2018,2018-11-07
2017,7,30,30-MUNICIPALIDADES,151,151-MUNICIPALIDAD DE CIUDAD DEL ESTE,30,30-RECURSOS INSTITUCIONALES,3,3-FONACIDE,PAGO DE OTROS GASTOS POR CUENTA ADMINISTRATIVA,34,34-TRANSF.CONSOLID.CORR. AL SECTOR PÚBLICO,5,5-BANCO CONTINENTAL,0000642330156001,2017-07-14,365391577,11,2018,2018-11-07
2017,7,30,30-MUNICIPALIDADES,151,151-MUNICIPALIDAD DE CIUDAD DEL ESTE,30,30-RECURSOS INSTITUCIONALES,3,3-FONACIDE,PAGO DE OTROS GASTOS POR CUENTA ADMINISTRATIVA,35,35-TRANSF.CONSOLID. DE CAPITAL AL SECTOR PÚBLICO,5,5-BANCO CONTINENTAL,0000642330156001,2017-07-14,836502883,11,2018,2018-11-07
2017,7,30,30-MUNICIPALIDADES,151,151-MUNICIPALIDAD DE CIUDAD DEL ESTE,30,30-RECURSOS INSTITUCIONALES,3,3-FONACIDE,PAGO DE OTROS GASTOS POR CUENTA ADMINISTRATIVA,34,34-TRANSF.CONSOLID.CORR. AL SECTOR PÚBLICO,5,5-BANCO CONTINENTAL,0000642330156001,2017-07-14,358501235,11,2018,2018-11-07
2017,4,30,30-MUNICIPALIDADES,151,151-MUNICIPALIDAD DE CIUDAD DEL ESTE,30,30-RECURSOS INSTITUCIONALES,3,3-FONACIDE,PAGO DE OTROS GASTOS POR CUENTA ADMINISTRATIVA,35,35-TRANSF.CONSOLID. DE CAPITAL AL SECTOR PÚBLICO,5,5-BANCO CONTINENTAL,0000642330156001,2017-04-26,1372047912,11,2018,2018-11-07
2017,4,30,30-MUNICIPALIDADES,151,151-MUNICIPALIDAD DE CIUDAD DEL ESTE,30,30-RECURSOS INSTITUCIONALES,3,3-FONACIDE,PAGO DE OTROS GASTOS POR CUENTA ADMINISTRATIVA,34,34-TRANSF.CONSOLID.CORR. AL SECTOR PÚBLICO,5,5-BANCO CONTINENTAL,0000642330156001,2017-04-26,588020533,11,2018,2018-11-07
2017,4,30,30-MUNICIPALIDADES,151,151-MUNICIPALIDAD DE CIUDAD DEL ESTE,30,30-RECURSOS INSTITUCIONALES,3,3-FONACIDE,PAGO DE OTROS GASTOS POR CUENTA ADMINISTRATIVA,35,35-TRANSF.CONSOLID. DE CAPITAL AL SECTOR PÚBLICO,5,5-BANCO CONTINENTAL,0000642330156001,2017-04-10,815529736,11,2018,2018-11-07
2017,4,30,30-MUNICIPALIDADES,151,151-MUNICIPALIDAD DE CIUDAD DEL ESTE,30,30-RECURSOS INSTITUCIONALES,3,3-FONACIDE,PAGO DE OTROS GASTOS POR CUENTA ADMINISTRATIVA,34,34-TRANSF.CONSOLID.CORR. AL SECTOR PÚBLICO,5,5-BANCO CONTINENTAL,0000642330156001,2017-04-10,349512744,11,2018,2018-11-07
2017,3,30,30-MUNICIPALIDADES,151,151-MUNICIPALIDAD DE CIUDAD DEL ESTE,30,30-RECURSOS INSTITUCIONALES,3,3-FONACIDE,PAGO DE OTROS GASTOS POR CUENTA ADMINISTRATIVA,35,35-TRANSF.CONSOLID. DE CAPITAL AL SECTOR PÚBLICO,5,5-BANCO CONTINENTAL,0000642330156001,2017-03-16,829738328,11,2018,2018-11-07
2017,3,30,30-MUNICIPALIDADES,151,151-MUNICIPALIDAD DE CIUDAD DEL ESTE,30,30-RECURSOS INSTITUCIONALES,3,3-FONACIDE,PAGO DE OTROS GASTOS POR CUENTA ADMINISTRATIVA,34,34-TRANSF.CONSOLID.CORR. AL SECTOR PÚBLICO,5,5-BANCO CONTINENTAL,0000642330156001,2017-03-16,355602141,11,2018,2018-11-07
2017,3,30,30-MUNICIPALIDADES,151,151-MUNICIPALIDAD DE CIUDAD DEL ESTE,30,30-RECURSOS INSTITUCIONALES,3,3-FONACIDE,PAGO DE OTROS GASTOS POR CUENTA ADMINISTRATIVA,35,35-TRANSF.CONSOLID. DE CAPITAL AL SECTOR PÚBLICO,5,5-BANCO CONTINENTAL,0000642330156001,2017-03-07,836974444,11,2018,2018-11-07
2017,3,30,30-MUNICIPALIDADES,151,151-MUNICIPALIDAD DE CIUDAD DEL ESTE,30,30-RECURSOS INSTITUCIONALES,3,3-FONACIDE,PAGO DE OTROS GASTOS POR CUENTA ADMINISTRATIVA,34,34-TRANSF.CONSOLID.CORR. AL SECTOR PÚBLICO,5,5-BANCO CONTINENTAL,0000642330156001,2017-03-07,358703333,11,2018,2018-11-07
2017,3,30,30-MUNICIPALIDADES,151,151-MUNICIPALIDAD DE CIUDAD DEL ESTE,30,30-RECURSOS INSTITUCIONALES,3,3-FONACIDE,PAGO DE OTROS GASTOS POR CUENTA ADMINISTRATIVA,35,35-TRANSF.CONSOLID. DE CAPITAL AL SECTOR PÚBLICO,5,5-BANCO CONTINENTAL,0000642330156001,2017-03-07,855201846,11,2018,2018-11-07
2017,3,30,30-MUNICIPALIDADES,151,151-MUNICIPALIDAD DE CIUDAD DEL ESTE,30,30-RECURSOS INSTITUCIONALES,3,3-FONACIDE,PAGO DE OTROS GASTOS POR CUENTA ADMINISTRATIVA,34,34-TRANSF.CONSOLID.CORR. AL SECTOR PÚBLICO,5,5-BANCO CONTINENTAL,0000642330156001,2017-03-07,366515077,11,2018,2018-11-07
2017,3,30,30-MUNICIPALIDADES,151,151-MUNICIPALIDAD DE CIUDAD DEL ESTE,30,30-RECURSOS INSTITUCIONALES,3,3-FONACIDE,PAGO DE OTROS GASTOS POR CUENTA ADMINISTRATIVA,34,34-TRANSF.CONSOLID.CORR. AL SECTOR PÚBLICO,5,5-BANCO CONTINENTAL,0000642330156001,2017-03-07,366626979,11,2018,2018-11-07
2016,9,30,30-MUNICIPALIDADES,151,151-MUNICIPALIDAD DE CIUDAD DEL ESTE,30,30-RECURSOS INSTITUCIONALES,3,3-FONACIDE,PAGO DE OTROS GASTOS POR CUENTA ADMINISTRATIVA,34,34-TRANSF.CONSOLID.CORR. AL SECTOR PÚBLICO,5,5-BANCO CONTINENTAL,0000642330156001,2016-09-08,112968242,11,2018,2018-11-07
2016,9,30,30-MUNICIPALIDADES,151,151-MUNICIPALIDAD DE CIUDAD DEL ESTE,30,30-RECURSOS INSTITUCIONALES,3,3-FONACIDE,PAGO DE OTROS GASTOS POR CUENTA ADMINISTRATIVA,35,35-TRANSF.CONSOLID. DE CAPITAL AL SECTOR PÚBLICO,5,5-BANCO CONTINENTAL,0000642330156001,2016-09-08,283442566,11,2018,2018-11-07
2016,9,30,30-MUNICIPALIDADES,151,151-MUNICIPALIDAD DE CIUDAD DEL ESTE,30,30-RECURSOS INSTITUCIONALES,3,3-FONACIDE,PAGO DE OTROS GASTOS POR CUENTA ADMINISTRATIVA,34,34-TRANSF.CONSOLID.CORR. AL SECTOR PÚBLICO,5,5-BANCO CONTINENTAL,0000642330156001,2016-09-08,121475385,11,2018,2018-11-07
2016,9,30,30-MUNICIPALIDADES,151,151-MUNICIPALIDAD DE CIUDAD DEL ESTE,30,30-RECURSOS INSTITUCIONALES,3,3-FONACIDE,PAGO DE OTROS GASTOS POR CUENTA ADMINISTRATIVA,35,35-TRANSF.CONSOLID. DE CAPITAL AL SECTOR PÚBLICO,5,5-BANCO CONTINENTAL,0000642330156001,2016-09-08,263592564,11,2018,2018-11-07
2016,7,30,30-MUNICIPALIDADES,151,151-MUNICIPALIDAD DE CIUDAD DEL ESTE,30,30-RECURSOS INSTITUCIONALES,3,3-FONACIDE,PAGO DE OTROS GASTOS POR CUENTA ADMINISTRATIVA,35,35-TRANSF.CONSOLID. DE CAPITAL AL SECTOR PÚBLICO,5,5-BANCO CONTINENTAL,0000642330156001,2016-07-15,274718438,11,2018,2018-11-07
2016,7,30,30-MUNICIPALIDADES,151,151-MUNICIPALIDAD DE CIUDAD DEL ESTE,30,30-RECURSOS INSTITUCIONALES,3,3-FONACIDE,PAGO DE OTROS GASTOS POR CUENTA ADMINISTRATIVA,34,34-TRANSF.CONSOLID.CORR. AL SECTOR PÚBLICO,5,5-BANCO CONTINENTAL,0000642330156001,2016-07-15,117736473,11,2018,2018-11-07
2016,7,30,30-MUNICIPALIDADES,151,151-MUNICIPALIDAD DE CIUDAD DEL ESTE,30,30-RECURSOS INSTITUCIONALES,3,3-FONACIDE,PAGO DE OTROS GASTOS POR CUENTA ADMINISTRATIVA,35,35-TRANSF.CONSOLID. DE CAPITAL AL SECTOR PÚBLICO,5,5-BANCO CONTINENTAL,0000642330156001,2016-07-15,271289527,11,2018,2018-11-07
2016,7,30,30-MUNICIPALIDADES,151,151-MUNICIPALIDAD DE CIUDAD DEL ESTE,30,30-RECURSOS INSTITUCIONALES,3,3-FONACIDE,PAGO DE OTROS GASTOS POR CUENTA ADMINISTRATIVA,34,34-TRANSF.CONSOLID.CORR. AL SECTOR PÚBLICO,5,5-BANCO CONTINENTAL,0000642330156001,2016-07-15,116266940,11,2018,2018-11-07
2016,7,30,30-MUNICIPALIDADES,151,151-MUNICIPALIDAD DE CIUDAD DEL ESTE,30,30-RECURSOS INSTITUCIONALES,3,3-FONACIDE,PAGO DE OTROS GASTOS POR CUENTA ADMINISTRATIVA,35,35-TRANSF.CONSOLID. DE CAPITAL AL SECTOR PÚBLICO,5,5-BANCO CONTINENTAL,0000642330156001,2016-07-15,252769161,11,2018,2018-11-07
2016,7,30,30-MUNICIPALIDADES,151,151-MUNICIPALIDAD DE CIUDAD DEL ESTE,30,30-RECURSOS INSTITUCIONALES,3,3-FONACIDE,PAGO DE OTROS GASTOS POR CUENTA ADMINISTRATIVA,34,34-TRANSF.CONSOLID.CORR. AL SECTOR PÚBLICO,5,5-BANCO CONTINENTAL,0000642330156001,2016-07-15,108329641,11,2018,2018-11-07
2016,4,30,30-MUNICIPALIDADES,151,151-MUNICIPALIDAD DE CIUDAD DEL ESTE,30,30-RECURSOS INSTITUCIONALES,3,3-FONACIDE,PAGO DE OTROS GASTOS POR CUENTA ADMINISTRATIVA,35,35-TRANSF.CONSOLID. DE CAPITAL AL SECTOR PÚBLICO,5,5-BANCO CONTINENTAL,0000642330156001,2016-04-01,271197140,11,2018,2018-11-07
2016,4,30,30-MUNICIPALIDADES,151,151-MUNICIPALIDAD DE CIUDAD DEL ESTE,30,30-RECURSOS INSTITUCIONALES,3,3-FONACIDE,PAGO DE OTROS GASTOS POR CUENTA ADMINISTRATIVA,34,34-TRANSF.CONSOLID.CORR. AL SECTOR PÚBLICO,5,5-BANCO CONTINENTAL,0000642330156001,2016-04-01,116227345,11,2018,2018-11-07
2016,3,30,30-MUNICIPALIDADES,151,151-MUNICIPALIDAD DE CIUDAD DEL ESTE,30,30-RECURSOS INSTITUCIONALES,3,3-FONACIDE,PAGO DE OTROS GASTOS POR CUENTA ADMINISTRATIVA,35,35-TRANSF.CONSOLID. DE CAPITAL AL SECTOR PÚBLICO,5,5-BANCO CONTINENTAL,0000642330156001,2016-03-29,1778429962,11,2018,2018-11-07
2016,3,30,30-MUNICIPALIDADES,151,151-MUNICIPALIDAD DE CIUDAD DEL ESTE,30,30-RECURSOS INSTITUCIONALES,3,3-FONACIDE,PAGO DE OTROS GASTOS POR CUENTA ADMINISTRATIVA,34,34-TRANSF.CONSOLID.CORR. AL SECTOR PÚBLICO,5,5-BANCO CONTINENTAL,0000642330156001,2016-03-29,762184269,11,2018,2018-11-07
2016,3,30,30-MUNICIPALIDADES,151,151-MUNICIPALIDAD DE CIUDAD DEL ESTE,30,30-RECURSOS INSTITUCIONALES,3,3-FONACIDE,PAGO DE OTROS GASTOS POR CUENTA ADMINISTRATIVA,35,35-TRANSF.CONSOLID. DE CAPITAL AL SECTOR PÚBLICO,5,5-BANCO CONTINENTAL,0000642330156001,2016-03-29,303386478,11,2018,2018-11-07
2016,3,30,30-MUNICIPALIDADES,151,151-MUNICIPALIDAD DE CIUDAD DEL ESTE,30,30-RECURSOS INSTITUCIONALES,3,3-FONACIDE,PAGO DE OTROS GASTOS POR CUENTA ADMINISTRATIVA,34,34-TRANSF.CONSOLID.CORR. AL SECTOR PÚBLICO,5,5-BANCO CONTINENTAL,0000642330156001,2016-03-29,130022776,11,2018,2018-11-07
2016,3,30,30-MUNICIPALIDADES,151,151-MUNICIPALIDAD DE CIUDAD DEL ESTE,30,30-RECURSOS INSTITUCIONALES,3,3-FONACIDE,PAGO DE OTROS GASTOS POR CUENTA ADMINISTRATIVA,35,35-TRANSF.CONSOLID. DE CAPITAL AL SECTOR PÚBLICO,5,5-BANCO CONTINENTAL,0000642330156001,2016-03-29,1290834399,11,2018,2018-11-07
2016,3,30,30-MUNICIPALIDADES,151,151-MUNICIPALIDAD DE CIUDAD DEL ESTE,30,30-RECURSOS INSTITUCIONALES,3,3-FONACIDE,PAGO DE OTROS GASTOS POR CUENTA ADMINISTRATIVA,34,34-TRANSF.CONSOLID.CORR. AL SECTOR PÚBLICO,5,5-BANCO CONTINENTAL,0000642330156001,2016-03-29,553214743,11,2018,2018-11-07
2015,12,30,30-MUNICIPALIDADES,151,151-MUNICIPALIDAD DE CIUDAD DEL ESTE,30,30-RECURSOS INSTITUCIONALES,3,3-FONACIDE,PAGO DE OTROS GASTOS POR CUENTA ADMINISTRATIVA,34,34-TRANSF.CONSOLID.CORR. AL SECTOR PÚBLICO,5,5-BANCO CONTINENTAL,0000642330156001,2015-12-30,121173889,11,2018,2018-11-07
2015,12,30,30-MUNICIPALIDADES,151,151-MUNICIPALIDAD DE CIUDAD DEL ESTE,30,30-RECURSOS INSTITUCIONALES,3,3-FONACIDE,PAGO DE OTROS GASTOS POR CUENTA ADMINISTRATIVA,35,35-TRANSF.CONSOLID. DE CAPITAL AL SECTOR PÚBLICO,5,5-BANCO CONTINENTAL,0000642330156001,2015-12-30,568741463,11,2018,2018-11-07
2015,12,30,30-MUNICIPALIDADES,151,151-MUNICIPALIDAD DE CIUDAD DEL ESTE,30,30-RECURSOS INSTITUCIONALES,3,3-FONACIDE,PAGO DE OTROS GASTOS POR CUENTA ADMINISTRATIVA,34,34-TRANSF.CONSOLID.CORR. AL SECTOR PÚBLICO,5,5-BANCO CONTINENTAL,0000642330156001,2015-12-30,243746341,11,2018,2018-11-07
2015,12,30,30-MUNICIPALIDADES,151,151-MUNICIPALIDAD DE CIUDAD DEL ESTE,30,30-RECURSOS INSTITUCIONALES,3,3-FONACIDE,PAGO DE OTROS GASTOS POR CUENTA ADMINISTRATIVA,35,35-TRANSF.CONSOLID. DE CAPITAL AL SECTOR PÚBLICO,5,5-BANCO CONTINENTAL,0000642330156001,2015-12-30,282739075,11,2018,2018-11-07
2015,10,30,30-MUNICIPALIDADES,151,151-MUNICIPALIDAD DE CIUDAD DEL ESTE,30,30-RECURSOS INSTITUCIONALES,3,3-FONACIDE,PAGO DE OTROS GASTOS POR CUENTA ADMINISTRATIVA,35,35-TRANSF.CONSOLID. DE CAPITAL AL SECTOR PÚBLICO,5,5-BANCO CONTINENTAL,0000642330156001,2015-10-02,1322628351,11,2018,2018-11-07
2015,10,30,30-MUNICIPALIDADES,151,151-MUNICIPALIDAD DE CIUDAD DEL ESTE,30,30-RECURSOS INSTITUCIONALES,3,3-FONACIDE,PAGO DE OTROS GASTOS POR CUENTA ADMINISTRATIVA,34,34-TRANSF.CONSOLID.CORR. AL SECTOR PÚBLICO,5,5-BANCO CONTINENTAL,0000642330156001,2015-10-02,566840722,11,2018,2018-11-07
2015,10,30,30-MUNICIPALIDADES,151,151-MUNICIPALIDAD DE CIUDAD DEL ESTE,30,30-RECURSOS INSTITUCIONALES,3,3-FONACIDE,PAGO DE OTROS GASTOS POR CUENTA ADMINISTRATIVA,35,35-TRANSF.CONSOLID. DE CAPITAL AL SECTOR PÚBLICO,5,5-BANCO CONTINENTAL,0000642330156001,2015-10-02,257286351,11,2018,2018-11-07
2015,10,30,30-MUNICIPALIDADES,151,151-MUNICIPALIDAD DE CIUDAD DEL ESTE,30,30-RECURSOS INSTITUCIONALES,3,3-FONACIDE,PAGO DE OTROS GASTOS POR CUENTA ADMINISTRATIVA,34,34-TRANSF.CONSOLID.CORR. AL SECTOR PÚBLICO,5,5-BANCO CONTINENTAL,0000642330156001,2015-10-02,110265579,11,2018,2018-11-07
2015,8,30,30-MUNICIPALIDADES,151,151-MUNICIPALIDAD DE CIUDAD DEL ESTE,30,30-RECURSOS INSTITUCIONALES,3,3-FONACIDE,PAGO DE OTROS GASTOS POR CUENTA ADMINISTRATIVA,35,35-TRANSF.CONSOLID. DE CAPITAL AL SECTOR PÚBLICO,5,5-BANCO CONTINENTAL,0000642330156001,2015-08-04,1284702102,11,2018,2018-11-07
2015,8,30,30-MUNICIPALIDADES,151,151-MUNICIPALIDAD DE CIUDAD DEL ESTE,30,30-RECURSOS INSTITUCIONALES,3,3-FONACIDE,PAGO DE OTROS GASTOS POR CUENTA ADMINISTRATIVA,34,34-TRANSF.CONSOLID.CORR. AL SECTOR PÚBLICO,5,5-BANCO CONTINENTAL,0000642330156001,2015-08-04,550586615,11,2018,2018-11-07
2015,6,30,30-MUNICIPALIDADES,151,151-MUNICIPALIDAD DE CIUDAD DEL ESTE,30,30-RECURSOS INSTITUCIONALES,3,3-FONACIDE,PAGO DE OTROS GASTOS POR CUENTA ADMINISTRATIVA,35,35-TRANSF.CONSOLID. DE CAPITAL AL SECTOR PÚBLICO,5,5-BANCO CONTINENTAL,0000642330156001,2015-06-25,2223247865,11,2018,2018-11-07
2015,6,30,30-MUNICIPALIDADES,151,151-MUNICIPALIDAD DE CIUDAD DEL ESTE,30,30-RECURSOS INSTITUCIONALES,3,3-FONACIDE,PAGO DE OTROS GASTOS POR CUENTA ADMINISTRATIVA,34,34-TRANSF.CONSOLID.CORR. AL SECTOR PÚBLICO,5,5-BANCO CONTINENTAL,0000642330156001,2015-06-25,952820514,11,2018,2018-11-07
2015,6,30,30-MUNICIPALIDADES,151,151-MUNICIPALIDAD DE CIUDAD DEL ESTE,30,30-RECURSOS INSTITUCIONALES,3,3-FONACIDE,PAGO DE OTROS GASTOS POR CUENTA ADMINISTRATIVA,35,35-TRANSF.CONSOLID. DE CAPITAL AL SECTOR PÚBLICO,5,5-BANCO CONTINENTAL,0000642330156001,2015-06-08,235022261,11,2018,2018-11-07
2015,6,30,30-MUNICIPALIDADES,151,151-MUNICIPALIDAD DE CIUDAD DEL ESTE,30,30-RECURSOS INSTITUCIONALES,3,3-FONACIDE,PAGO DE OTROS GASTOS POR CUENTA ADMINISTRATIVA,34,34-TRANSF.CONSOLID.CORR. AL SECTOR PÚBLICO,5,5-BANCO CONTINENTAL,0000642330156001,2015-06-08,100723826,11,2018,2018-11-07
2015,4,30,30-MUNICIPALIDADES,151,151-MUNICIPALIDAD DE CIUDAD DEL ESTE,30,30-RECURSOS INSTITUCIONALES,3,3-FONACIDE,PAGO DE OTROS GASTOS POR CUENTA ADMINISTRATIVA,35,35-TRANSF.CONSOLID. DE CAPITAL AL SECTOR PÚBLICO,5,5-BANCO CONTINENTAL,0000642330156001,2015-04-27,319980842,11,2018,2018-11-07
2015,4,30,30-MUNICIPALIDADES,151,151-MUNICIPALIDAD DE CIUDAD DEL ESTE,30,30-RECURSOS INSTITUCIONALES,3,3-FONACIDE,PAGO DE OTROS GASTOS POR CUENTA ADMINISTRATIVA,34,34-TRANSF.CONSOLID.CORR. AL SECTOR PÚBLICO,5,5-BANCO CONTINENTAL,0000642330156001,2015-04-27,137134647,11,2018,2018-11-07
2015,3,30,30-MUNICIPALIDADES,151,151-MUNICIPALIDAD DE CIUDAD DEL ESTE,30,30-RECURSOS INSTITUCIONALES,3,3-FONACIDE,PAGO DE OTROS GASTOS POR CUENTA ADMINISTRATIVA,35,35-TRANSF.CONSOLID. DE CAPITAL AL SECTOR PÚBLICO,5,5-BANCO CONTINENTAL,0000642330156001,2015-03-24,1079267471,11,2018,2018-11-07
2015,3,30,30-MUNICIPALIDADES,151,151-MUNICIPALIDAD DE CIUDAD DEL ESTE,30,30-RECURSOS INSTITUCIONALES,3,3-FONACIDE,PAGO DE OTROS GASTOS POR CUENTA ADMINISTRATIVA,34,34-TRANSF.CONSOLID.CORR. AL SECTOR PÚBLICO,5,5-BANCO CONTINENTAL,0000642330156001,2015-03-24,462543202,11,2018,2018-11-07
2015,3,30,30-MUNICIPALIDADES,151,151-MUNICIPALIDAD DE CIUDAD DEL ESTE,30,30-RECURSOS INSTITUCIONALES,3,3-FONACIDE,PAGO DE OTROS GASTOS POR CUENTA ADMINISTRATIVA,35,35-TRANSF.CONSOLID. DE CAPITAL AL SECTOR PÚBLICO,5,5-BANCO CONTINENTAL,0000642330156001,2015-03-20,1253699393,11,2018,2018-11-07
2015,3,30,30-MUNICIPALIDADES,151,151-MUNICIPALIDAD DE CIUDAD DEL ESTE,30,30-RECURSOS INSTITUCIONALES,3,3-FONACIDE,PAGO DE OTROS GASTOS POR CUENTA ADMINISTRATIVA,34,34-TRANSF.CONSOLID.CORR. AL SECTOR PÚBLICO,5,5-BANCO CONTINENTAL,0000642330156001,2015-03-20,537299740,11,2018,2018-11-07
2015,3,30,30-MUNICIPALIDADES,151,151-MUNICIPALIDAD DE CIUDAD DEL ESTE,30,30-RECURSOS INSTITUCIONALES,3,3-FONACIDE,PAGO DE OTROS GASTOS POR CUENTA ADMINISTRATIVA,35,35-TRANSF.CONSOLID. DE CAPITAL AL SECTOR PÚBLICO,5,5-BANCO CONTINENTAL,0000642330156001,2015-03-20,251842554,11,2018,2018-11-07
2015,3,30,30-MUNICIPALIDADES,151,151-MUNICIPALIDAD DE CIUDAD DEL ESTE,30,30-RECURSOS INSTITUCIONALES,3,3-FONACIDE,PAGO DE OTROS GASTOS POR CUENTA ADMINISTRATIVA,34,34-TRANSF.CONSOLID.CORR. AL SECTOR PÚBLICO,5,5-BANCO CONTINENTAL,0000642330156001,2015-03-20,107932523,11,2018,2018-11-07
2014,12,30,30-MUNICIPALIDADES,151,151-MUNICIPALIDAD DE CIUDAD DEL ESTE,30,30-RECURSOS INSTITUCIONALES,3,3-FONACIDE,PAGO DE OTROS GASTOS POR CUENTA ADMINISTRATIVA,35,35-TRANSF.CONSOLID. DE CAPITAL AL SECTOR PÚBLICO,5,5-BANCO CONTINENTAL,0000642330156001,2014-12-18,233028947,11,2018,2018-11-07
2014,12,30,30-MUNICIPALIDADES,151,151-MUNICIPALIDAD DE CIUDAD DEL ESTE,30,30-RECURSOS INSTITUCIONALES,3,3-FONACIDE,PAGO DE OTROS GASTOS POR CUENTA ADMINISTRATIVA,34,34-TRANSF.CONSOLID.CORR. AL SECTOR PÚBLICO,5,5-BANCO CONTINENTAL,0000642330156001,2014-12-18,99869548,11,2018,2018-11-07
2014,11,30,30-MUNICIPALIDADES,151,151-MUNICIPALIDAD DE CIUDAD DEL ESTE,30,30-RECURSOS INSTITUCIONALES,3,3-FONACIDE,PAGO DE OTROS GASTOS POR CUENTA ADMINISTRATIVA,35,35-TRANSF.CONSOLID. DE CAPITAL AL SECTOR PÚBLICO,5,5-BANCO CONTINENTAL,0000642330156001,2014-11-25,249246351,11,2018,2018-11-07
2014,11,30,30-MUNICIPALIDADES,151,151-MUNICIPALIDAD DE CIUDAD DEL ESTE,30,30-RECURSOS INSTITUCIONALES,3,3-FONACIDE,PAGO DE OTROS GASTOS POR CUENTA ADMINISTRATIVA,34,34-TRANSF.CONSOLID.CORR. AL SECTOR PÚBLICO,5,5-BANCO CONTINENTAL,0000642330156001,2014-11-25,106819864,11,2018,2018-11-07
2014,10,30,30-MUNICIPALIDADES,151,151-MUNICIPALIDAD DE CIUDAD DEL ESTE,30,30-RECURSOS INSTITUCIONALES,3,3-FONACIDE,PAGO DE OTROS GASTOS POR CUENTA ADMINISTRATIVA,35,35-TRANSF.CONSOLID. DE CAPITAL AL SECTOR PÚBLICO,5,5-BANCO CONTINENTAL,64-23-301560-01,2014-10-24,1543763654,11,2018,2018-11-07
2014,10,30,30-MUNICIPALIDADES,151,151-MUNICIPALIDAD DE CIUDAD DEL ESTE,30,30-RECURSOS INSTITUCIONALES,3,3-FONACIDE,PAGO DE OTROS GASTOS POR CUENTA ADMINISTRATIVA,34,34-TRANSF.CONSOLID.CORR. AL SECTOR PÚBLICO,5,5-BANCO CONTINENTAL,64-23-301560-01,2014-10-24,661612995,11,2018,2018-11-07
2014,9,30,30-MUNICIPALIDADES,151,151-MUNICIPALIDAD DE CIUDAD DEL ESTE,30,30-RECURSOS INSTITUCIONALES,3,3-FONACIDE,PAGO DE OTROS GASTOS POR CUENTA ADMINISTRATIVA,35,35-TRANSF.CONSOLID. DE CAPITAL AL SECTOR PÚBLICO,5,5-BANCO CONTINENTAL,64-23-301560-01,2014-09-12,236296768,11,2018,2018-11-07
2014,9,30,30-MUNICIPALIDADES,151,151-MUNICIPALIDAD DE CIUDAD DEL ESTE,30,30-RECURSOS INSTITUCIONALES,3,3-FONACIDE,PAGO DE OTROS GASTOS POR CUENTA ADMINISTRATIVA,34,34-TRANSF.CONSOLID.CORR. AL SECTOR PÚBLICO,5,5-BANCO CONTINENTAL,64-23-301560-01,2014-09-12,101270044,11,2018,2018-11-07
2014,8,30,30-MUNICIPALIDADES,151,151-MUNICIPALIDAD DE CIUDAD DEL ESTE,30,30-RECURSOS INSTITUCIONALES,3,3-FONACIDE,PAGO DE OTROS GASTOS POR CUENTA ADMINISTRATIVA,34,34-TRANSF.CONSOLID.CORR. AL SECTOR PÚBLICO,5,5-BANCO CONTINENTAL,64-23-301560-01,2014-08-12,306381141,11,2018,2018-11-07
2014,8,30,30-MUNICIPALIDADES,151,151-MUNICIPALIDAD DE CIUDAD DEL ESTE,30,30-RECURSOS INSTITUCIONALES,3,3-FONACIDE,PAGO DE OTROS GASTOS POR CUENTA ADMINISTRATIVA,35,35-TRANSF.CONSOLID. DE CAPITAL AL SECTOR PÚBLICO,5,5-BANCO CONTINENTAL,64-23-301560-01,2014-08-12,714889328,11,2018,2018-11-07
2014,7,30,30-MUNICIPALIDADES,151,151-MUNICIPALIDAD DE CIUDAD DEL ESTE,30,30-RECURSOS INSTITUCIONALES,3,3-FONACIDE,PAGO DE OTROS GASTOS POR CUENTA ADMINISTRATIVA,35,35-TRANSF.CONSOLID. DE CAPITAL AL SECTOR PÚBLICO,5,5-BANCO CONTINENTAL,64-23-301560-01,2014-07-24,245651704,11,2018,2018-11-07
2014,7,30,30-MUNICIPALIDADES,151,151-MUNICIPALIDAD DE CIUDAD DEL ESTE,30,30-RECURSOS INSTITUCIONALES,3,3-FONACIDE,PAGO DE OTROS GASTOS POR CUENTA ADMINISTRATIVA,34,34-TRANSF.CONSOLID.CORR. AL SECTOR PÚBLICO,5,5-BANCO CONTINENTAL,64-23-301560-01,2014-07-24,105279301,11,2018,2018-11-07
2014,6,30,30-MUNICIPALIDADES,151,151-MUNICIPALIDAD DE CIUDAD DEL ESTE,30,30-RECURSOS INSTITUCIONALES,3,3-FONACIDE,PAGO DE OTROS GASTOS POR CUENTA ADMINISTRATIVA,35,35-TRANSF.CONSOLID. DE CAPITAL AL SECTOR PÚBLICO,5,5-BANCO CONTINENTAL,64-23-301560-01,2014-06-27,2395807238,11,2018,2018-11-07
2014,6,30,30-MUNICIPALIDADES,151,151-MUNICIPALIDAD DE CIUDAD DEL ESTE,30,30-RECURSOS INSTITUCIONALES,3,3-FONACIDE,PAGO DE OTROS GASTOS POR CUENTA ADMINISTRATIVA,34,34-TRANSF.CONSOLID.CORR. AL SECTOR PÚBLICO,5,5-BANCO CONTINENTAL,64-23-301560-01,2014-06-27,1026774531,11,2018,2018-11-07
2014,6,30,30-MUNICIPALIDADES,151,151-MUNICIPALIDAD DE CIUDAD DEL ESTE,30,30-RECURSOS INSTITUCIONALES,3,3-FONACIDE,PAGO DE OTROS GASTOS POR CUENTA ADMINISTRATIVA,35,35-TRANSF.CONSOLID. DE CAPITAL AL SECTOR PÚBLICO,5,5-BANCO CONTINENTAL,64-23-301560-01,2014-06-27,236335921,11,2018,2018-11-07
2014,6,30,30-MUNICIPALIDADES,151,151-MUNICIPALIDAD DE CIUDAD DEL ESTE,30,30-RECURSOS INSTITUCIONALES,3,3-FONACIDE,PAGO DE OTROS GASTOS POR CUENTA ADMINISTRATIVA,34,34-TRANSF.CONSOLID.CORR. AL SECTOR PÚBLICO,5,5-BANCO CONTINENTAL,64-23-301560-01,2014-06-27,101286823,11,2018,2018-11-07
2014,4,30,30-MUNICIPALIDADES,151,151-MUNICIPALIDAD DE CIUDAD DEL ESTE,30,30-RECURSOS INSTITUCIONALES,3,3-FONACIDE,PAGO DE OTROS GASTOS POR CUENTA ADMINISTRATIVA,35,35-TRANSF.CONSOLID. DE CAPITAL AL SECTOR PÚBLICO,5,5-BANCO CONTINENTAL,64-23-301560-01,2014-04-25,254412766,11,2018,2018-11-07
2014,4,30,30-MUNICIPALIDADES,151,151-MUNICIPALIDAD DE CIUDAD DEL ESTE,30,30-RECURSOS INSTITUCIONALES,3,3-FONACIDE,PAGO DE OTROS GASTOS POR CUENTA ADMINISTRATIVA,34,34-TRANSF.CONSOLID.CORR. AL SECTOR PÚBLICO,5,5-BANCO CONTINENTAL,64-23-301560-01,2014-04-25,109034042,11,2018,2018-11-07
2014,3,30,30-MUNICIPALIDADES,151,151-MUNICIPALIDAD DE CIUDAD DEL ESTE,30,30-RECURSOS INSTITUCIONALES,3,3-FONACIDE,PAGO DE OTROS GASTOS POR CUENTA ADMINISTRATIVA,35,35-TRANSF.CONSOLID. DE CAPITAL AL SECTOR PÚBLICO,5,5-BANCO CONTINENTAL,64-23-301560-01,2014-03-28,251779001,11,2018,2018-11-07
2014,3,30,30-MUNICIPALIDADES,151,151-MUNICIPALIDAD DE CIUDAD DEL ESTE,30,30-RECURSOS INSTITUCIONALES,3,3-FONACIDE,PAGO DE OTROS GASTOS POR CUENTA ADMINISTRATIVA,34,34-TRANSF.CONSOLID.CORR. AL SECTOR PÚBLICO,5,5-BANCO CONTINENTAL,64-23-301560-01,2014-03-28,107905286,11,2018,2018-11-07
2014,3,30,30-MUNICIPALIDADES,151,151-MUNICIPALIDAD DE CIUDAD DEL ESTE,30,30-RECURSOS INSTITUCIONALES,3,3-FONACIDE,PAGO DE OTROS GASTOS POR CUENTA ADMINISTRATIVA,35,35-TRANSF.CONSOLID. DE CAPITAL AL SECTOR PÚBLICO,5,5-BANCO CONTINENTAL,64-23-301560-01,2014-03-28,813050684,11,2018,2018-11-07
2014,3,30,30-MUNICIPALIDADES,151,151-MUNICIPALIDAD DE CIUDAD DEL ESTE,30,30-RECURSOS INSTITUCIONALES,3,3-FONACIDE,PAGO DE OTROS GASTOS POR CUENTA ADMINISTRATIVA,34,34-TRANSF.CONSOLID.CORR. AL SECTOR PÚBLICO,5,5-BANCO CONTINENTAL,64-23-301560-01,2014-03-28,348450293,11,2018,2018-11-07
2014,3,30,30-MUNICIPALIDADES,151,151-MUNICIPALIDAD DE CIUDAD DEL ESTE,30,30-RECURSOS INSTITUCIONALES,3,3-FONACIDE,PAGO DE OTROS GASTOS POR CUENTA ADMINISTRATIVA,35,35-TRANSF.CONSOLID. DE CAPITAL AL SECTOR PÚBLICO,5,5-BANCO CONTINENTAL,64-23-301560-01,2014-03-28,537305760,11,2018,2018-11-07
2014,3,30,30-MUNICIPALIDADES,151,151-MUNICIPALIDAD DE CIUDAD DEL ESTE,30,30-RECURSOS INSTITUCIONALES,3,3-FONACIDE,PAGO DE OTROS GASTOS POR CUENTA ADMINISTRATIVA,34,34-TRANSF.CONSOLID.CORR. AL SECTOR PÚBLICO,5,5-BANCO CONTINENTAL,64-23-301560-01,2014-03-28,230273897,11,2018,2018-11-07
2013,12,30,30-MUNICIPALIDADES,151,151-MUNICIPALIDAD DE CIUDAD DEL ESTE,30,30-RECURSOS INSTITUCIONALES,3,3-FONACIDE,PAGO DE OTROS GASTOS POR CUENTA ADMINISTRATIVA,35,35-35-TRANSF.CONSOLID. DE CAPITAL AL SECTOR PÚBLICO,5,5-5-BANCO CONTINENTAL,64-23-301560-01,2013-12-17,474607273,11,2018,2018-11-07
2013,12,30,30-MUNICIPALIDADES,151,151-MUNICIPALIDAD DE CIUDAD DEL ESTE,30,30-RECURSOS INSTITUCIONALES,3,3-FONACIDE,PAGO DE OTROS GASTOS POR CUENTA ADMINISTRATIVA,34,34-34-TRANSF.CONSOLID.CORR. AL SECTOR PÚBLICO,5,5-5-BANCO CONTINENTAL,64-23-301560-01,2013-12-17,203403117,11,2018,2018-11-07
2013,11,30,30-MUNICIPALIDADES,151,151-MUNICIPALIDAD DE CIUDAD DEL ESTE,30,30-RECURSOS INSTITUCIONALES,3,3-FONACIDE,PAGO DE OTROS GASTOS POR CUENTA ADMINISTRATIVA,35,35-35-TRANSF.CONSOLID. DE CAPITAL AL SECTOR PÚBLICO,5,5-5-BANCO CONTINENTAL,64-23-301560-01,2013-11-26,779029426,11,2018,2018-11-07
2013,11,30,30-MUNICIPALIDADES,151,151-MUNICIPALIDAD DE CIUDAD DEL ESTE,30,30-RECURSOS INSTITUCIONALES,3,3-FONACIDE,PAGO DE OTROS GASTOS POR CUENTA ADMINISTRATIVA,34,34-34-TRANSF.CONSOLID.CORR. AL SECTOR PÚBLICO,5,5-5-BANCO CONTINENTAL,64-23-301560-01,2013-11-26,333869754,11,2018,2018-11-07
2013,11,30,30-MUNICIPALIDADES,151,151-MUNICIPALIDAD DE CIUDAD DEL ESTE,30,30-RECURSOS INSTITUCIONALES,3,3-FONACIDE,PAGO DE OTROS GASTOS POR CUENTA ADMINISTRATIVA,35,35-35-TRANSF.CONSOLID. DE CAPITAL AL SECTOR PÚBLICO,5,5-5-BANCO CONTINENTAL,64-23-301560-01,2013-11-04,802499327,11,2018,2018-11-07
2013,11,30,30-MUNICIPALIDADES,151,151-MUNICIPALIDAD DE CIUDAD DEL ESTE,30,30-RECURSOS INSTITUCIONALES,3,3-FONACIDE,PAGO DE OTROS GASTOS POR CUENTA ADMINISTRATIVA,34,34-34-TRANSF.CONSOLID.CORR. AL SECTOR PÚBLICO,5,5-5-BANCO CONTINENTAL,64-23-301560-01,2013-11-04,343928283,11,2018,2018-11-07
2013,9,30,30-MUNICIPALIDADES,151,151-MUNICIPALIDAD DE CIUDAD DEL ESTE,30,30-RECURSOS INSTITUCIONALES,3,3-FONACIDE,PAGO DE OTROS GASTOS POR CUENTA ADMINISTRATIVA,35,35-35-TRANSF.CONSOLID. DE CAPITAL AL SECTOR PÚBLICO,5,5-5-BANCO CONTINENTAL,64-23-301560-01,2013-09-20,790816841,11,2018,2018-11-07
2013,9,30,30-MUNICIPALIDADES,151,151-MUNICIPALIDAD DE CIUDAD DEL ESTE,30,30-RECURSOS INSTITUCIONALES,3,3-FONACIDE,PAGO DE OTROS GASTOS POR CUENTA ADMINISTRATIVA,34,34-34-TRANSF.CONSOLID.CORR. AL SECTOR PÚBLICO,5,5-5-BANCO CONTINENTAL,64-23-301560-01,2013-09-20,338921504,11,2018,2018-11-07
2013,8,30,30-MUNICIPALIDADES,151,151-MUNICIPALIDAD DE CIUDAD DEL ESTE,30,30-RECURSOS INSTITUCIONALES,3,3-FONACIDE,PAGO DE OTROS GASTOS POR CUENTA ADMINISTRATIVA,35,35-35-TRANSF.CONSOLID. DE CAPITAL AL SECTOR PÚBLICO,5,5-5-BANCO CONTINENTAL,64-23-301560-01,2013-08-27,788346739,11,2018,2018-11-07
2013,8,30,30-MUNICIPALIDADES,151,151-MUNICIPALIDAD DE CIUDAD DEL ESTE,30,30-RECURSOS INSTITUCIONALES,3,3-FONACIDE,PAGO DE OTROS GASTOS POR CUENTA ADMINISTRATIVA,34,34-34-TRANSF.CONSOLID.CORR. AL SECTOR PÚBLICO,5,5-5-BANCO CONTINENTAL,64-23-301560-01,2013-08-27,337862888,11,2018,2018-11-07
2013,7,30,30-MUNICIPALIDADES,151,151-MUNICIPALIDAD DE CIUDAD DEL ESTE,30,30-RECURSOS INSTITUCIONALES,3,3-FONACIDE,PAGO DE OTROS GASTOS POR CUENTA ADMINISTRATIVA,35,35-35-TRANSF.CONSOLID. DE CAPITAL AL SECTOR PÚBLICO,5,5-5-BANCO CONTINENTAL,64-23-301560-01,2013-07-22,815007514,11,2018,2018-11-07
2013,7,30,30-MUNICIPALIDADES,151,151-MUNICIPALIDAD DE CIUDAD DEL ESTE,30,30-RECURSOS INSTITUCIONALES,3,3-FONACIDE,PAGO DE OTROS GASTOS POR CUENTA ADMINISTRATIVA,34,34-34-TRANSF.CONSOLID.CORR. AL SECTOR PÚBLICO,5,5-5-BANCO CONTINENTAL,64-23-301560-01,2013-07-22,349288935,11,2018,2018-11-07
2013,6,30,30-MUNICIPALIDADES,151,151-MUNICIPALIDAD DE CIUDAD DEL ESTE,30,30-RECURSOS INSTITUCIONALES,3,3-FONACIDE,PAGO DE OTROS GASTOS POR CUENTA ADMINISTRATIVA,34,34-34-TRANSF.CONSOLID.CORR. AL SECTOR PÚBLICO,5,5-5-BANCO CONTINENTAL,64-23-301560-01,2013-06-25,329999744,11,2018,2018-11-07
2013,6,30,30-MUNICIPALIDADES,151,151-MUNICIPALIDAD DE CIUDAD DEL ESTE,30,30-RECURSOS INSTITUCIONALES,3,3-FONACIDE,PAGO DE OTROS GASTOS POR CUENTA ADMINISTRATIVA,35,35-35-TRANSF.CONSOLID. DE CAPITAL AL SECTOR PÚBLICO,5,5-5-BANCO CONTINENTAL,64-23-301560-01,2013-06-25,769999403,11,2018,2018-11-07
2013,5,30,30-MUNICIPALIDADES,151,151-MUNICIPALIDAD DE CIUDAD DEL ESTE,30,30-RECURSOS INSTITUCIONALES,3,3-FONACIDE,PAGO DE OTROS GASTOS POR CUENTA ADMINISTRATIVA,35,35-35-TRANSF.CONSOLID. DE CAPITAL AL SECTOR PÚBLICO,5,5-5-BANCO CONTINENTAL,64-23-301560-01,2013-05-30,940770963,11,2018,2018-11-07
2013,5,30,30-MUNICIPALIDADES,151,151-MUNICIPALIDAD DE CIUDAD DEL ESTE,30,30-RECURSOS INSTITUCIONALES,3,3-FONACIDE,PAGO DE OTROS GASTOS POR CUENTA ADMINISTRATIVA,34,34-34-TRANSF.CONSOLID.CORR. AL SECTOR PÚBLICO,5,5-5-BANCO CONTINENTAL,64-23-301560-01,2013-05-30,403187556,11,2018,2018-11-07
2013,4,30,30-MUNICIPALIDADES,151,151-MUNICIPALIDAD DE CIUDAD DEL ESTE,30,30-RECURSOS INSTITUCIONALES,3,3-FONACIDE,PAGO DE OTROS GASTOS POR CUENTA ADMINISTRATIVA,35,35-35-TRANSF.CONSOLID. DE CAPITAL AL SECTOR PÚBLICO,5,5-5-BANCO CONTINENTAL,64-23-301560-01,2013-04-29,445366928,11,2018,2018-11-07
2013,4,30,30-MUNICIPALIDADES,151,151-MUNICIPALIDAD DE CIUDAD DEL ESTE,30,30-RECURSOS INSTITUCIONALES,3,3-FONACIDE,PAGO DE OTROS GASTOS POR CUENTA ADMINISTRATIVA,34,34-34-TRANSF.CONSOLID.CORR. AL SECTOR PÚBLICO,5,5-5-BANCO CONTINENTAL,64-23-301560-01,2013-04-29,190871541,11,2018,2018-11-07
2013,4,30,30-MUNICIPALIDADES,151,151-MUNICIPALIDAD DE CIUDAD DEL ESTE,30,30-RECURSOS INSTITUCIONALES,3,3-FONACIDE,PAGO DE OTROS GASTOS POR CUENTA ADMINISTRATIVA,34,34-34-TRANSF.CONSOLID.CORR. AL SECTOR PÚBLICO,5,5-5-BANCO CONTINENTAL,64-23-301560-01,2013-04-04,245106803,11,2018,2018-11-07
2013,4,30,30-MUNICIPALIDADES,151,151-MUNICIPALIDAD DE CIUDAD DEL ESTE,30,30-RECURSOS INSTITUCIONALES,3,3-FONACIDE,PAGO DE OTROS GASTOS POR CUENTA ADMINISTRATIVA,35,35-35-TRANSF.CONSOLID. DE CAPITAL AL SECTOR PÚBLICO,5,5-5-BANCO CONTINENTAL,64-23-301560-01,2013-04-04,571915875,11,2018,2018-11-07
2013,3,30,30-MUNICIPALIDADES,151,151-MUNICIPALIDAD DE CIUDAD DEL ESTE,30,30-RECURSOS INSTITUCIONALES,3,3-FONACIDE,PAGO DE OTROS GASTOS POR CUENTA ADMINISTRATIVA,35,35-35-TRANSF.CONSOLID. DE CAPITAL AL SECTOR PÚBLICO,5,5-5-BANCO CONTINENTAL,64-23-301560-01,2013-03-07,580727161,11,2018,2018-11-07
2013,3,30,30-MUNICIPALIDADES,151,151-MUNICIPALIDAD DE CIUDAD DEL ESTE,30,30-RECURSOS INSTITUCIONALES,3,3-FONACIDE,PAGO DE OTROS GASTOS POR CUENTA ADMINISTRATIVA,34,34-34-TRANSF.CONSOLID.CORR. AL SECTOR PÚBLICO,5,5-5-BANCO CONTINENTAL,64-23-301560-01,2013-03-07,248883069,11,2018,2018-11-07
2013,2,30,30-MUNICIPALIDADES,151,151-MUNICIPALIDAD DE CIUDAD DEL ESTE,30,30-RECURSOS INSTITUCIONALES,3,3-FONACIDE,PAGO DE OTROS GASTOS POR CUENTA ADMINISTRATIVA,35,35-35-TRANSF.CONSOLID. DE CAPITAL AL SECTOR PÚBLICO,5,5-5-BANCO CONTINENTAL,64-23-301560-01,2013-02-01,212280701,11,2018,2018-11-07
2013,2,30,30-MUNICIPALIDADES,151,151-MUNICIPALIDAD DE CIUDAD DEL ESTE,30,30-RECURSOS INSTITUCIONALES,3,3-FONACIDE,PAGO DE OTROS GASTOS POR CUENTA ADMINISTRATIVA,35,35-35-TRANSF.CONSOLID. DE CAPITAL AL SECTOR PÚBLICO,5,5-5-BANCO CONTINENTAL,64-23-301560-01,2013-02-01,216558236,11,2018,2018-11-07
2013,2,30,30-MUNICIPALIDADES,151,151-MUNICIPALIDAD DE CIUDAD DEL ESTE,30,30-RECURSOS INSTITUCIONALES,3,3-FONACIDE,PAGO DE OTROS GASTOS POR CUENTA ADMINISTRATIVA,34,34-34-TRANSF.CONSOLID.CORR. AL SECTOR PÚBLICO,5,5-5-BANCO CONTINENTAL,64-23-301560-01,2013-02-01,92810673,11,2018,2018-11-07
2013,1,30,30-MUNICIPALIDADES,151,151-MUNICIPALIDAD DE CIUDAD DEL ESTE,30,30-RECURSOS INSTITUCIONALES,3,3-FONACIDE,PAGO DE OTROS GASTOS POR CUENTA ADMINISTRATIVA,34,34-34-TRANSF.CONSOLID.CORR. AL SECTOR PÚBLICO,5,5-5-BANCO CONTINENTAL,64-23-301560-01,2013-01-31,90977443,11,2018,2018-11-07
2012,12,30,30-MUNICIPALIDADES,151,151-MUNICIPALIDAD DE CIUDAD DEL ESTE,30,30-RECURSOS INSTITUCIONALES,3,3-FONACIDE,PAGO DE OTROS GASTOS POR CUENTA ADMINISTRATIVA,35,35-35-TRANSF.CONSOLID. DE CAPITAL AL SECTOR PÚBLICO,5,5-5-BANCO CONTINENTAL,64-23-301560-01,2012-12-11,230644326,11,2018,2018-11-07
2012,12,30,30-MUNICIPALIDADES,151,151-MUNICIPALIDAD DE CIUDAD DEL ESTE,30,30-RECURSOS INSTITUCIONALES,3,3-FONACIDE,PAGO DE OTROS GASTOS POR CUENTA ADMINISTRATIVA,34,34-34-TRANSF.CONSOLID.CORR. AL SECTOR PÚBLICO,5,5-5-BANCO CONTINENTAL,64-23-301560-01,2012-12-11,98847569,11,2018,2018-11-07
2012,12,30,30-MUNICIPALIDADES,151,151-MUNICIPALIDAD DE CIUDAD DEL ESTE,30,30-RECURSOS INSTITUCIONALES,3,3-FONACIDE,PAGO DE OTROS GASTOS POR CUENTA ADMINISTRATIVA,35,35-35-TRANSF.CONSOLID. DE CAPITAL AL SECTOR PÚBLICO,5,5-5-BANCO CONTINENTAL,64-23-301560-01,2012-12-04,1685727740,11,2018,2018-11-07
2012,12,30,30-MUNICIPALIDADES,151,151-MUNICIPALIDAD DE CIUDAD DEL ESTE,30,30-RECURSOS INSTITUCIONALES,3,3-FONACIDE,PAGO DE OTROS GASTOS POR CUENTA ADMINISTRATIVA,34,34-34-TRANSF.CONSOLID.CORR. AL SECTOR PÚBLICO,5,5-5-BANCO CONTINENTAL,64-23-301560-01,2012-12-04,722454746,11,2018,2018-11-07
